BİRİM ADI,İNTERNET ADRESİ,E-POSTA,TELEFON,FAKS,ADRES,REKTÖR,Column1
ABDULLAH GÜL ÜNİVERSİTESİ,http://www.agu.edu.tr,ozelkalem@agu.edu.tr,03522248800,0352 338 88 28,Barbaros Mahallesi Sümer Kampüsü Kocasinan-KAYSERİ,CENGİZ,YILMAZ
ACIBADEM MEHMET ALİ AYDINLAR ÜNİVERSİTESİ,http://www.acibadem.edu.tr,info@acibadem.edu.tr,02165004444,02165775048,İçerenköy Mah. Kayışdağı Cad. No:32 İçerenköy 34752 Ataşehir İstanbul,AHMET,ŞAHİN
ADANA ALPARSLAN TÜRKEŞ BİLİM VE TEKNOLOJİ ÜNİVERSİTESİ,http://www.atu.edu.tr,rektorluk@atu.edu.tr,03224550001,03224550002,"Balcalı Mahallesi, Çatalan Caddesi No:201/1 01250 Sarıçam/ADANA",MEHMET,TÜMAY
ADIYAMAN ÜNİVERSİTESİ,http://www.adiyaman.edu.tr/,bidb@adiyaman.edu.tr,04162233840,0416 223 38 43,"Adıyaman Üniversitesi, Altınşehir Mh. 3005 Sokak No:13 02040   ADIYAMAN",MEHMET,KELLEŞ
AFYON KOCATEPE ÜNİVERSİTESİ,http://www.aku.edu.tr,ozkalem@aku.edu.tr,02724440303,0272 2281401,Afyon Kocatepe Üniversitesi Rektörlüğü ANS Kampusü Gazlıgöl Yolu Üzeri,MEHMET,KARAKAŞ
AFYONKARAHİSAR SAĞLIK BİLİMLERİ ÜNİVERSİTESİ,www.afsu.edu.tr,afsu@afsu.edu.tr,02722463335,02722281429,Zafer Sağlık Külliyesi Dörtyol Mah. 2078.Sok No:3,NURULLAH,OKUMUŞ
AĞRI İBRAHİM ÇEÇEN ÜNİVERSİTESİ,http://www.agri.edu.tr,gensek@agri.edu.tr,04722162008,04722151182,Erzurum yolu  4 km 04100 Merkez / AĞRI,ABDULHALİK,KARABULUT
AKDENİZ ÜNİVERSİTESİ,http://www.akdeniz.edu.tr,info@akdeniz.edu.tr,02422274400,02422274958,Akdeniz Üniversitesi Kampüs Antalya,ÖZLENEN,ÖZKAN
AKSARAY ÜNİVERSİTESİ,www.aksaray.edu.tr,gensek@aksaray.edu.tr,03822883026-,03822883026,Bahçesaray Mah.68100 AKSARAY,ALPAY,ARIBAŞ
ALANYA ALAADDİN KEYKUBAT ÜNİVERSİTESİ,http://www.alanya.edu.tr/,alku@alanya.edu.tr,02425106060,02425106019,Kestel Mahallesi Üniversite Caddesi No:80 Alanya/ANTALYA,KENAN AHMET,TÜRKDOĞAN
ALANYA ÜNİVERSİTESİ,"http://www.alanyauniversity.edu
.tr",info@alanyauniversity.edu.tr,02425136969,0242 513 69 66,"Cikcilli Beldesi, Saraybeleni Mahallesi, Saraybeleni Cad. No:7, PK 80 07400, Alanya, ANTALYA",MESUT,GÜNER
ALTINBAŞ ÜNİVERSİTESİ,http://www.altinbas.edu.tr/tr,ik@altinbas.edu.tr,02126040100,02124459255,"Mahmutbey, Dİlmenler Cd. No. 26 Bağcılar, İstanbul",ÇAĞRI,ERHAN
AMASYA ÜNİVERSİTESİ,http://www.amasya.edu.tr,webadmin@amasya.edu.tr,03582115005,0 358 218 01 04,Akbilek Mah. Hakimiyet cad. Milli Hakimiyet Yerleşkesi No:4/3 PK: 05100 Merkez/AMASYA,AHMET HAKKI,TURABİ
ANADOLU ÜNİVERSİTESİ,http://www.anadolu.edu.tr/,gensek@anadolu.edu.tr,02223350581,02223353616,"Anadolu Üniversitesi Yunus Emre Kampusü, 26470 Tepebaşı/ESKİŞEHİR",FUAT,ERDAL
ANKA TEKNOLOJİ ÜNİVERSİTESİ,-,-,0,-,-,-,-
ANKARA BİLİM ÜNİVERSİTESİ,www.ankarabilim.edu.tr,info@ankarabilim.edu.tr,03123970150,03123970150,Çamlıca Mah.Anadolu Bulv.No:16A/1 Yenimahalle Ankara,YAVUZ,DEMİR
ANKARA HACI BAYRAM VELİ ÜNİVERSİTESİ,https://hacibayram.edu.tr,hbv@hbv.edu.tr,+90 (312) 231 7360,03122313881,Ankara Hacı Bayram Veli Üniversitesi Yüce Tepe Mahallesi 85.Cadde No.8 06570 Çankaya /ANKARA,MEHMET NACİ,BOSTANCI
ANKARA MEDİPOL ÜNİVERSİTESİ,www.ankaramedipol.edu.tr,bilgi@ankaramedipol.edu.tr,4442010,03129201006,"Hacı Bayram Mahallesi, Talatpaşa Blv. No:2 06050 Altındağ/Ankara",AHMET ZEKİ,ŞENGİL
ANKARA MÜZİK VE GÜZEL SANATLAR ÜNİVERSİTESİ,http://www.mgu.edu.tr,iletisim@mgu.edu.tr,3124860386,3124861795,Yukarı Dikmen Mah. Turan Güneş Bul. Neşet Ertaş Cad. No:4 Oran Ankara,ERHAN,ÖZDEN
ANKARA SOSYAL BİLİMLER ÜNİVERSİTESİ,http://www.asbu.edu.tr/,bilgi@asbu.edu.tr,03125964444,03125964424,Hükümet Meydanı No: 2 Ulus/ANKARA,MUSA KAZIM,ARICAN
ANKARA ÜNİVERSİTESİ,http://www.ankara.edu.tr,ankara@ankara.edu.tr,03122234361,0312 2236370,Ankara Üniversitesi Rektörlüğü Tandoğan/ANKARA,NECDET,ÜNÜVAR
ANKARA YILDIRIM BEYAZIT ÜNİVERSİTESİ,www.aybu.edu.tr,basin@aybu.edu.tr,03129061000,03129062950,Ankara Yıldırım Beyazıt Üniversitesi Esenboğa Külliyesi Dumlupınar Mahallesi Çubuk/Ankara,ALİ CENGİZ,KÖSEOĞLU
ANTALYA BELEK ÜNİVERSİTESİ,www.belek.edu.tr,info@belek.edu.tr,444 1 264,0 242 777 10 41,Kadriye Mah Celal Bayar CAd No:5-6 Serik-Antalya 07525,MEHMET,YAZICI
ANTALYA BİLİM ÜNİVERSİTESİ,http://www.antalya.edu.tr/,info@antalya.edu.tr,02422450000,02422450100,Çıplaklı Mah. Akdeniz Bulvarı No:290/A Döşemealtı / ANTALYA,SEMİH,EKERCİN
ARDAHAN ÜNİVERSİTESİ,http://www.ardahan.edu.tr,rektorluk@ardahan.edu.tr,04782117575,04782117509,"Ardahan Üniversitesi Yenisey Kampüsü, Rektörlük Hizmet Binası, Çamlıçatak Mevkii, 75000, Merkez/Ardahan",MEHMET,BİBER
ARTVİN ÇORUH ÜNİVERSİTESİ,http://www.artvin.edu.tr,ozelkalem@artvin.edu.tr,04662151010,04662151011,Artvin Çoruh Üniversitesi Rektörlüğü Fidanlık Mah.Kapı Nu.110 08000 Seyitler Yerleşkesi-ARTVİN,MUSTAFA SITKI,BİLGİN
ATAŞEHİR ADIGÜZEL MESLEK YÜKSEKOKULU,http://www.adiguzel.edu.tr/,iletisim@adiguzel.edu.tr,02164557770 - 74,0 216 548 28 17,Yenişehir Mahallesi Barajyolu Caddesi Çağlayan Sokak No:18 Ataşehir / İstanbul,-,-
ATATÜRK ÜNİVERSİTESİ,http://www.atauni.edu.tr,ata@atauni.edu.tr,04422311001,0442 236 10 14,Atatürk Üniversitesi Rektörlüğü Yakutiye/Erzurum,ÖMER,ÇOMAKLI
ATILIM ÜNİVERSİTESİ,www.atilim.edu.tr,atiliminfo@atilim.edu.tr,03125868200,03125868091,Atılım Üniversitesi Kızılcaşar Mah. İncek Kampüsü Gölbaşı/İncek/ANKARA,SERKAN,ERYILMAZ
AVRASYA ÜNİVERSİTESİ,http://www.avrasya.edu.tr,info@avrasya.edu.tr,4623346444-45-47,4623346454,Avrasya Üniversitesi Rektörlüğü Adnan Kahvesi Mah. Rize Caddesi,FÜSUN,TERZİOĞLU
AYDIN ADNAN MENDERES ÜNİVERSİTESİ,http://www.adu.edu.tr,ozelkalem@adu.edu.tr,02562182030,02562146688,AYTEPE MEVKİ AYDIN,BÜLENT,KENT
BAHÇEŞEHİR ÜNİVERSİTESİ,http://www.bahcesehir.edu.tr,genelsekreterlik@bau.edu.tr,02123810000,2123810020,"Çırağan Caddesi Osmanpaşa Mektebi Sokak No: 4-6 3453 Beşiktaş, İSTANBUL / TÜRKİYE",ESRA,HATİPOĞLU
BALIKESİR ÜNİVERSİTESİ,http://www.balikesir.edu.tr,ozelklm@balikesir.edu.tr,02666121400,02666121412,"Balıkesir Üniversitesi Çağış Yerleşkesi (Bigadiç yolu üzeri 17. km) 10145, BALIKESİR",YÜCEL,OĞURLU
BANDIRMA ONYEDİ EYLÜL ÜNİVERSİTESİ,http://www.bandirma.edu.tr,rektorluk@bandirma.edu.tr,02667170117,0266 717 00 30,Yeni Mh. Şehit Astsubay Mustafa Soner Varlık Cd. No:77 Bandırma/BALIKESİR,-,-
BARTIN ÜNİVERSİTESİ,http://www.bartin.edu.tr/,ozelkalem@bartin.edu.tr,03782235500,03782235042,Bartın Üniversitesi Rektörlüğü Merkez/BARTIN,ORHAN,UZUN
BAŞKENT ÜNİVERSİTESİ,http://www.baskent.edu.tr,rektorlk@baskent.edu.tr,0312 234 12 15,0312 246 66 04,Bağlıca Kampüsü Fatih Sultan Mahallesi Eskişehir Yolu 18.km TR 06790,İBRAHİM HALDUN,MÜDERRİSOĞLU
BATMAN ÜNİVERSİTESİ,http://www.batman.edu.tr,batman@batman.edu.tr,04882173800,04882173601,"Batı Raman 72100 Batman, Türkiye",İDRİS,DEMİR
BAYBURT ÜNİVERSİTESİ,https://bayburt.edu.tr,rektor@bayburt.edu.tr,04582111152-57,0 458 211 11 27,Dede Korkut Külliyesi 69000 / BAYBURT,MUTLU,TÜRKMEN
BEYKOZ ÜNİVERSİTESİ,www.beykoz.edu.tr,bilgi@beykoz.edu.tr,216 912 2252,216 413 9520,Kavacık Mahallesi Orhan Veli Kanık Caddesi No:114 Kavacık Beykoz İstanbul,MEHMET,DURMAN
BEZM-İ ÂLEM VAKIF ÜNİVERSİTESİ,http://www.bezmialem.edu.tr/,info@bezmialem.edu.tr,02125232288,0212 621 75 78,Adnan Menderes Bulvarı Vatan Cad. 34093 Fatih/İSTANBUL,RÜMEYZA,KAZANCIOĞLU
BİLECİK ŞEYH EDEBALİ ÜNİVERSİTESİ,http://www.bilecik.edu.tr/,genelsekreterlik@bilecik.edu.tr,02282141111,02282141017,Bilecik Şeyh Edebali Üniversitesi Rektörlüğü 11210 Merkez Bilecik,ŞÜKRÜ,BEYDEMİR
BİNGÖL ÜNİVERSİTESİ,http://www.bingol.edu.tr,ozelkalem@bingol.edu.tr,04262160012-15,0426 215 10 20,Selahaddin-i Eyyübi Mah. Üniversite Cad. No:1 BİNGÖL,İBRAHİM,ÇAPAK
BİRUNİ ÜNİVERSİTESİ,http://www.biruni.edu.tr/,info@biruni.edu.tr,4448276,0 212 416 46 46,"Merkezefendi, 75 Sk No:1-13 M. G, 34015 Zeytinburnu/İstanbul",ADNAN,YÜKSEL
BİTLİS EREN ÜNİVERSİTESİ,www.beu.edu.tr,info@beu.edu.tr,04342220000,04342220101,Rahva Yerleşkesi Beş Minare Mah. Ahmet Eren Bulvarı 13100 Merkez / Bitlis,NECMETTİN,ELMASTAŞ
BOĞAZİÇİ ÜNİVERSİTESİ,http://www.boun.edu.tr,kurumsaliletisim@boun.edu.tr,02123595400,02122656357,"Boğaziçi Üniversitesi
34342 Bebek/Istanbul Türkiye",MEHMET NACİ,İNCİ
BOLU ABANT İZZET BAYSAL ÜNİVERSİTESİ,http://www.ibu.edu.tr/,bilgi@ibu.edu.tr,0 374 2541000,0 374 2534506,Abant İzzet Baysal Üniversitesi Gölköy Kampüsü 14280 BOLU,MUSTAFA,ALİŞARLI
BURDUR MEHMET AKİF ERSOY ÜNİVERSİTESİ,http://www.mehmetakif.edu.tr,rektorluk@mehmetakif.edu.tr,02482131000,02482122718,İstiklal Yerleşkesi BURDUR,HÜSEYİN,DALGAR
BURSA TEKNİK ÜNİVERSİTESİ,http://btu.edu.tr/,ozelkalem@btu.edu.tr,02243003304,02243003329,Mimar Sinan Mahallesi Mimar Sinan Bulvarı Eflak Caddesi No:177 16310 Yıldırım/BURSA,NACİ,ÇAĞLAR
BURSA ULUDAĞ ÜNİVERSİTESİ,http://www.uludag.edu.tr/,ozelkalem@uludag.edu.tr,02242940000,0 224 294 00 37,Görükle Kampusu 16059 Nilüfer/BURSA,FERUDUN,YILMAZ
ÇAĞ ÜNİVERSİTESİ,http://www.cag.edu.tr/,cag@cag.edu.tr,03246514800,3246514811,Adana-Mersin D 400 Karayolu Üzeri 33800 Yenice-Tarsus/MERSİN,ÜNAL,AY
ÇANAKKALE ONSEKİZ MART ÜNİVERSİTESİ,www.comu.edu.tr,ozelkalem@comu.edu.tr,02862180607,02862180608,"Çanakkale Onsekiz Mart Üniversitesi, Terzioğlu Kampüsü, Rektörlük Binası , A Blok Merkez/ÇANAKKALE",RAMAZAN CÜNEYT,ERENOĞLU
ÇANKAYA ÜNİVERSİTESİ,http://www.cankaya.edu.tr/,webadmin@cankaya.edu.tr,"03122331000 -
03122844500","03122331029-
03122864078","Çankaya Üniversitesi  Merkez Kampüs : Eskişehir Yolu 29. Km Yukarıyurtçu Mahallesi, Mimar Sinan Caddesi No:4, 06790, Etimesgut / ANKARA",HADİ HAKAN,MARAŞ
ÇANKIRI KARATEKİN ÜNİVERSİTESİ,www.karatekin.edu.tr,cku@karatekin.edu.tr,03762189500,03762189509,Uluyazı Kampüsü Binası / Çankırı,HARUN,ÇİFTÇİ
ÇUKUROVA ÜNİVERSİTESİ,www.cu.edu.tr,genel-sekreter@cu.edu.tr,03223386084,03223386945,"Çukurova Üniversitesi Rektörlüğü 01330 Balcalı, Sarıçam / ADANA",MERYEM,TUNCEL
DEMİROĞLU BİLİM ÜNİVERSİTESİ,http://www.demiroglu.bilim.edu. tr,info@demiroglu.bilim.edu.tr,02122136486,0212 2139207,Büyükdere Cad. No:120 Esentepe-Şişli İSTANBUL,ÇAVLAN,ÇİFTÇİ
DİCLE ÜNİVERSİTESİ,www.dicle.edu.tr,gensek@dicle.edu.tr,04122411001,04122411059,21280 Kıtılbil Mahallesi Sur / Diyarbakır,MEHMET,KARAKOÇ
DOĞUŞ ÜNİVERSİTESİ,http://www.dogus.edu.tr,rektor@dogus.edu.tr,4447997,0216-327 96 31,Doğuş Üniversitesi Zeamet sk. 34722 Kadıköy/İstanbul,TURGUT,ÖZKAN
DOKUZ EYLÜL ÜNİVERSİTESİ,http://www.deu.edu.tr,gen.sek@deu.edu.tr,02324121212,0 232 464 81 35,Cumhuriyet Bulvarı No:144 Alsancak 35210 Konak/İZMİR,FATMA SENİHA,HOTAR
DÜZCE ÜNİVERSİTESİ,http://www.duzce.edu.tr/,gensek@duzce.edu.tr,03805421101,0 380 542 11 09,Düzce Üniversitesi Rektörlüğü Genel Sekreterlik Beçi Kampüsü Merkez Düzce,NEDİM,SÖZBİR
EGE ÜNİVERSİTESİ,http://www.ege.edu.tr,webadmin@ege.edu.tr,02323111010,02323434215,Ege Üniversitesi Rektörlüğü Gençlik Caddesi No:12 PK.35040 Bornova / İzmir,NECDET,BUDAK
ERCİYES ÜNİVERSİTESİ,http://www.erciyes.edu.tr,basinyayin@erciyes.edu.tr,03522076666,352 437 49 31,Talas Yolu Melikgazi 38039 KAYSERİ,FATİH,ALTUN
ERZİNCAN BİNALİ YILDIRIM ÜNİVERSİTESİ,http://www.ebyu.edu.tr,rektorluk@erzincan.edu.tr,04462266666,04462266665,Erzincan Binali Yıldırım Üniversitesi Rektörlüğü  Yalnızbağ Yerleşkesi- Erzincan/Merkez,AKIN,LEVENT
ERZURUM TEKNİK ÜNİVERSİTESİ,http://www.erzurum.edu.tr/,bilgi@erzurum.edu.tr,04426662525,0442 666 25 32,ERZURUM TEKNİK ÜNİVERSİTESİ Ömer Nasuhi Bilmen Mah. Havaalanı Yolu Cad. No:53 YAKUTİYE/ERZURUM,BÜLENT,ÇAKMAK
ESKİŞEHİR OSMANGAZİ ÜNİVERSİTESİ,http://www.ogu.edu.tr,rektor@ogu.edu.tr,02222397148,0222 239 54 00,Eskişehir Osmangazi Üniversitesi Meşelik Kampüsü Büyükdere Mahallesi Prof.Dr.Nabi AVCI Bulvarı No:4 26040 Eskişehir,KAMİL,ÇOLAK
ESKİŞEHİR TEKNİK ÜNİVERSİTESİ,https://www.eskisehir.edu.tr/,rektor@eskisehir.edu.tr,0 222 321 35 50,0 222 211 59 01,"Eskişehir Teknik Üniversitesi
İki Eylül Kampüsü 26555 Tepebaşı/ESKİŞEHİR",ADNAN,ÖZCAN
FATİH SULTAN MEHMET VAKIF ÜNİVERSİTESİ,www.fsm.edu.tr,fsm@fsm.edu.tr,02125218100,2125218484,Zeyrek Mah. Büyük karaman Cad. No:53 FATİH/ İSTANBUL,NEVZAT,ŞİMŞEK
FENERBAHÇE ÜNİVERSİTESİ,www.fbu.edu.tr,iletisim@fbu.edu.tr,02169101907,02169101921,"Atatürk Mah. Ataşehir Bulvarı Ertuğrul Gazi Sk. Metropol İstanbul E Blok, 34758 Ataşehir-İstanbul",FATMA,KANCA
FIRAT ÜNİVERSİTESİ,http://www.firat.edu.tr/,okalem@firat.edu.tr,04242128510,0424 212 27 17,Fırat Üniversitesi Rektörlüğü 23119 ELAZIĞ,FAHRETTİN,GÖKTAŞ
GALATASARAY ÜNİVERSİTESİ,http://www.gsu.edu.tr,info@gsu.edu.tr,02122274480,02122592332,Galatasaray Üniversitesi Çırağan Cad. No:36 34349 Ortaköy/İstanbul,ABDURRAHM AN,ULUDAĞ
GAZİ ÜNİVERSİTESİ,http://gazi.edu.tr/,ozelkalem@gazi.edu.tr,"03122126840-
03122022000",0312 221 32 02,Gazi Üniversitesi Rektörlüğü 06500 Teknikokullar / Ankara,MUSA,YILDIZ
GAZİANTEP İSLAM BİLİM VE TEKNOLOJİ ÜNİVERSİTESİ,http://www.gibtu.edu.tr/,info@gibtu.edu.tr,03429097500,08502589801,Beştepe Mah. 192090 Nolu Cadde 6/1 27010 Şahinbey/Gaziantep,ŞEHMUS,DEMİR
GAZİANTEP ÜNİVERSİTESİ,http://www.gantep.edu.tr,reksek@gantep.edu.tr,03423601010,0342 3604377,GAZİANTEP ÜNİVERSİTESİ REKTÖRLÜĞÜ,ARİF,ÖZAYDIN
GEBZE TEKNİK ÜNİVERSİTESİ,www.gtu.edu.tr,bilgi@gtu.edu.tr,02626051509,2626538490,Gebze Teknik Üniversitesi Rektörlüğü Cumhuriyet Mah. 2254 Sok. No:2 Gebze/KOCAELİ,HACI ALİ,MANTAR
GİRESUN ÜNİVERSİTESİ,http://www.giresun.edu.tr/,rektor@giresun.edu.tr,04543101000,0454 310 10 16,Giresun Üniversitesi | Giresun,YILMAZ,CAN
GÜMÜŞHANE ÜNİVERSİTESİ,http://www.gumushane.edu.tr,gumushane@gumushane.edu.tr,04562331000,0456 233 11 19,Gümüşhane Üniversitesi Rektörlüğü Bağlarbaşı Mh.,HALİL İBRAHİM,ZEYBEK
HACETTEPE ÜNİVERSİTESİ,http://hacettepe.edu.tr,ozelkalem@hacettepe.edu.tr,03123051001,03123104051,Hacettepe Üniversitesi Rektörlüğü Sıhhıye/ANKARA,MEHMET CAHİT,GÜRAN
HAKKARİ ÜNİVERSİTESİ,www.hakkari.edu.tr / www.hu.edu.tr,rektorluk@hakkari.edu.tr,04382121212,04382121211,Merzan Mah. Küçük Sanayi Sitesi arkası Merkez/HAKKARİ,ÖMER,PAKİŞ
HALİÇ ÜNİVERSİTESİ,www.halic.edu.tr,info@halic.edu.tr,02129242444,02129997852,"Haliç Üniversitesi, 5. Levent Mahallesi, 15 Temmuz Şehitler Caddesi, No: 14/12 34060 Eyüpsultan/İSTANBUL",ZAFER,UTLU
HARRAN ÜNİVERSİTESİ,http://www.harran.edu.tr/,ozelkalem@harran.edu.tr,04143183000,0 414 318 31 90,Harran Üniversitesi Rektörlüğü Osmanbey Kampüsü Şanlıurfa,MEHMET TAHİR,GÜLLÜOĞLU
HASAN KALYONCU ÜNİVERSİTESİ,www.hku.edu.tr,info@hku.edu.tr,03422118080,03422118081,Yeşilkent Mah. Havalimanı Yolu üzeri 8.km Şahinbey/GAZİANTEP,TÜRKAY,DERELİ
HATAY MUSTAFA KEMAL ÜNİVERSİTESİ,http://www.mku.edu.tr,rektorlukyaziisleri@mku.edu.tr,03262213317 - 1819,03262213320,Alahan Tayfur Sökmen Kampüsü Dış kapı no:35 Adres No:3330417886 Alahan/Antakya/Hatay,VEYSEL,EREN
HİTİT ÜNİVERSİTESİ,http://www.hitit.edu.tr/,rektorluk@hitit.edu.tr,03642191919,03642191938,Hitit Üniversitesi Kuzey Kampüsü Çevre Yolu Bulvarı PK:19030 ÇORUM,ALİ OSMAN,ÖZTÜRK
IĞDIR ÜNİVERSİTESİ,http://www.igdir.edu.tr,info@igdir.edu.tr,"04762230010-11-12-
13",04762230017-21,Şehit Bülent Yurtseven Kampüsü/ IĞDIR,MEHMET HAKKI,ALMA
ISPARTA UYGULAMALI BİLİMLER ÜNİVERSİTESİ,https://isparta.edu.tr/,ozelkalem@isparta.edu.tr,02462146000,02462283006,"Isparta uygulamalı Bilimler Üniversitesi Rektörlüğü, Bahçelievler Mah., 102. Cad., No:24, 32200, ISPARTA",YILMAZ,ÇATAL
IŞIK ÜNİVERSİTESİ,http://www.isikun.edu.tr/,info@isikun.edu.tr,4440799-7014,02167121469,"Işık Üniversitesi, Meşrutiyet Köyü, Üniversitesi Sok. No:2 ŞİLE/İSTANBUL",HASAN BÜLENT,KAHRAMAN
İBN HALDUN ÜNİVERSİTESİ,www.ihu.edu.tr,info@ihu.edu.tr,02126920212 - 1005,02125516464,Başak Mah. Ordu Cad. F-05 Blok No:3 P.K. 34480 Başakşehir/İST.,ATİLLA,ARKAN
İHSAN DOĞRAMACI BİLKENT ÜNİVERSİTESİ,http://www.bilkent.edu.tr/,bilinfo@bilkent.edu.tr,0312 266 4120,0312 266 41 27,Üniversiteler Mahallesi 1609 Sokak No:10 06800 Bilkent / Ankara,ABDURRAHM AN KÜRŞAT,AYDOĞAN
İNÖNÜ ÜNİVERSİTESİ,http://www.inonu.edu.tr/,ozelkalem@inonu.edu.tr,04223410029,0 422 341 00 32,İnönü Üniversitesi Kampüsü Elazığ Yolu 15. Km. 44280 MALATYA,AHMET,KIZILAY
İSKENDERUN TEKNİK ÜNİVERSİTESİ,www.iste.edu.tr,ofis@iste.edu.tr,03266135600,03266135613,İskenderun Teknik Üniversitesi Rektörlüğü Merkez Kampüs 31200 İskenderun/HATAY,TOLGA,DEPCİ
İSTANBUL AREL ÜNİVERSİTESİ,http://www.arel.edu.tr,arel@arel.edu.tr,02128672500,2128600481,İstanbul Arel Üniversitesi -Türkoba Mah. Erguvan Sokak No: 26/K Tepekent- B.Çekmece/İSTANBUL,AHMET ERCAN,GEGEZ
İSTANBUL ATLAS ÜNİVERSİTESİ,www.atlas.edu.tr,info@atlas.edu.tr,444 34 39,0212 761 87 61,Hamidiye Mahallesi Anadolu Caddesi No:40/2 Kağıthane/İSTANBUL,VAHAP ENGİN,GÜLAL
İSTANBUL AYDIN ÜNİVERSİTESİ,http://www.aydin.edu.tr,info@aydin.edu.tr,4441428,02124255759,Florya Halit Aydın Kampüsü Beşyol Mah. İnönü Cad. No: 38 Sefaköy- Küçükçekmece/İSTANBUL,-,-
İSTANBUL BEYKENT ÜNİVERSİTESİ,www.beykent.edu.tr,rektor@beykent.edu.tr,4441997 -  2002,02122896487,"Ayazağa Mahallesi, Hadım Koru Yolu Caddesi, No:19 Sarıyer/İSTANBUL",VOLKAN,ÖNGEL
İSTANBUL BİLGİ ÜNİVERSİTESİ,www.bilgi.edu.tr,info@bilgi.edu.tr,02123115000,02122162414,Eski Silahtarağa Elektrik Santralı Kazım Karabekir Cad. No: 2/13 34060 Eyüpsultan İstanbul,MUSTAFA EGE,YAZGAN
İSTANBUL ESENYURT ÜNİVERSİTESİ,http://www.esenyurt.edu.tr,bilgi@esenyurt.edu.tr,Santral4449123 - RektörlükD.,0212 699 09 90,Zafer Mah. Adile Naşit Bulvarı No:1 Esenyurt-İSTANBUL,SELMAN,ÖĞÜT
İSTANBUL GALATA ÜNİVERSİTESİ,www.galata.edu.tr,sezen.sahin@galata.edu.tr,"02129125050-
02129124141",02129125051,Evliya Çelebi Mahallesi Meşrutiyet Caddesi No: 62 Tepebaşı/Beyoğlu/İstanbul,ÖZGÜR,ÇENGEL
İSTANBUL GEDİK ÜNİVERSİTESİ,www.gedik.edu.tr,rektorluk@gedik.edu.tr,02164524585,02164528717,Cumhuriyet Mahallesi İlkbahar Sokak No: 1 Yakacık 34876 Kartal İstanbul,AHMET,KESİK
İSTANBUL GELİŞİM ÜNİVERSİTESİ,www.gelisim.edu.tr,bilgi@gelisim.edu.tr,02124227000,02124227401,Cihangir Mahallesi Şehit Jandarma Komando Er Hakan Öner Sk. No:1 Avcılar / İSTANBUL,BAHRİ,ŞAHİN
İSTANBUL KENT ÜNİVERSİTESİ,www.kent.edu.tr,insankaynaklari@kent.edu.tr,02126101010,02122445368,Cihangir Mahallesi Sıraselviler Caddesi No:71 34433 Beyoğlu İSTANBUL,MEHMET NECMETTİN,ATSÜ
İSTANBUL KÜLTÜR ÜNİVERSİTESİ,www.iku.edu.tr,kultur@iku.edu.tr,02124984141,0212 498 43 06,"Ataköy Yerleşkesi, 34156 Bakırköy / İSTANBUL",-,-
İSTANBUL MEDENİYET ÜNİVERSİTESİ,http://www.medeniyet.edu.tr,ozelkalem@medeniyet.edu.tr,02162803333,0 216 2802021,"Dumlupınar mahallesi, D-100 Karayolu No:98  Kadıköy / İstanbul",GÜLFETTİN,ÇELİK
İSTANBUL MEDİPOL ÜNİVERSİTESİ,www.medipol.edu.tr,bilgi@medipol.edu.tr,4448544,0212531755,"Kavacık Mah.Ekinciler Cad.No:19, 34840 Beykoz-İstanbul",ÖMER,CERAN
İSTANBUL NİŞANTAŞI ÜNİVERSİTESİ,http://www.nisantasi.edu.tr,"genel.sekreterlik@nisantasi.edu
.tr",02122101010,02125652525,"Maslak Mahallesi, Taşyoncası Sokak, No: 1V ve No:1Y Bina Kodu: 34481742",İLHAMİ,ÇOLAK
İSTANBUL OKAN ÜNİVERSİTESİ,www.okan.edu.tr,okan@okan.edu.tr,4446526,02166771647,"Okan Üniversitesi Tuzla Kampüsü, 34959 Akfırat - Tuzla / İSTANBUL",GÜLİZ,MUĞAN
İSTANBUL RUMELİ ÜNİVERSİTESİ,www.rumeli.edu.tr,bilgi@rumeli.edu.tr,02128660101,02128660125,Yeni Mahalle Mah. Mehmet Silivrili Cad. No: 38/8 Posta Kodu 34570 SİLİVRİ-İSTANBUL,MUSTAFA,KARA
İSTANBUL SABAHATTİN ZAİM ÜNİVERSİTESİ,http://www.izu.edu.tr/,bilgi@izu.edu.tr,4449798,02126938229,Halkalı Cad. No: 281 Halkalı - Küçükçekmece / İSTANBUL Posta Kodu: 34303,AHMET CEVAT,ACAR
İSTANBUL SAĞLIK VE SOSYAL BİLİMLER MESLEK YÜKSEKOKULU,www.issb.edu.tr,info@issb.edu.tr,0 850 811 18 18,-,Cankurtaran Mahallesi Kennedy Caddesi No:2 Ahırkapı Feneri Yanı Fatih İSTANBUL,-,-
İSTANBUL SAĞLIK VE TEKNOLOJİ ÜNİVERSİTESİ,www.istun.edu.tr,info@istun.edu.tr,4443788,4443788,"Sütlüce Kampüsü
Sütlüce Mah. İmrahor Cad. No: 82",BUĞRA,ÖZEN
İSTANBUL ŞİŞLİ MESLEK YÜKSEKOKULU,www.sisli.edu.tr,info@sisli.edu.tr,4447868,02122509503,Maslak Mah. Atatürk Oto Sanayi Sitesi 55. Sok. No:2 Sarıyer/ İSTANBUL,-,-
İSTANBUL TEKNİK ÜNİVERSİTESİ,http://www.itu.edu.tr,ozelkalem@itu.edu.tr,02122852900,02122856610,İTÜ Ayazağa Yerleşkesi yeni Rektörlük Binası Kat:2 MASLAK-SARIYER-İSTANBUL,İSMAİL,KOYUNCU
İSTANBUL TİCARET ÜNİVERSİTESİ,http://www.ticaret.edu.tr,rektorluk@ticaret.edu.tr,02123144141,212 320 70 11,"Örnektepe Mahallesi, İmrahor Caddesi No: 88/2 34445 Beyoğlu / İSTANBUL",ABDULHAMİ T,AVŞAR
İSTANBUL TOPKAPI ÜNİVERSİTESİ,www.topkapi.edu.tr,rektorluk@topkapi.edu.tr,4447696,02126214503,Prof.Muammer Aksoy Cd. No: 10 Kazlıçeşme / İSTANBUL,EMRE,ALKİN
İSTANBUL ÜNİVERSİTESİ,http://www.istanbul.edu.tr,iubilgi@istanbul.edu.tr,02124400000,0 212 440 00 10,İSTANBUL ÜNİVERSİTESİ REKTÖRLÜK İSTANBUL UNIVERSITY RECTORATE,OSMAN BÜLENT,ZÜLFİKAR
İSTANBUL ÜNİVERSİTESİ-CERRAHPAŞA,https://iuc.edu.tr,bilgi@iuc.edu.tr,02124040700,02124040701,İstanbul Üniversitesi-Cerrahpaşa Rektörlüğü 34320 Avcılar/İstanbul,NURİ,AYDIN
İSTANBUL YENİ YÜZYIL ÜNİVERSİTESİ,www.yeniyuzyil.edu.tr,info@yeniyuzyil.edu.tr,444 5001,0212 481 4058,T.C. İstanbul Yeni Yüzyıl Üniversitesi Topkapı Dr. Azmi  Ofluoğlu Yerleşkesi,İLHAN YAŞAR,HACISALİHOĞLU
İSTANBUL 29 MAYIS ÜNİVERSİTESİ,http://www.29mayis.edu.tr,29mayis@29mayis.edu.tr,02164740860,02164740875,Elmalıkent Mah. Elmalıkent Cad. No:4 Ümraniye / İSTANBUL,MUSTAFA,SİNANOĞLU
İSTİNYE ÜNİVERSİTESİ,www.istinye.edu.tr,info@istinye.edu.tr,08502836000,212 481 36 88,"İstinye Üniversitesi Topkapı Kampüsü, Maltepe Mah., Teyyareci Sami Sokak, No.3 Zeytinburnu, İstanbul, 34010",ERKAN,İBİŞ
İZMİR BAKIRÇAY ÜNİVERSİTESİ,bakircay.edu.tr,info@bakircay.edu.tr,02324930000,02324930000,Seyrek Kampüsü/ Gazi Mustafa Kemal Mah.Kaynaklar Cad./ Seyrek/Menemen/İZMİR,MUSTAFA,BERKTAŞ
İZMİR DEMOKRASİ ÜNİVERSİTESİ,http://www.idu.edu.tr,iletisim@idu.edu.tr,02322601001,02322601004,"Üçkuyular Mahallesi, Gürsel Aksel Bulvarı, No:14 35140 Karabağlar/İZMİR",BEDRİYE,TUNÇSİPER
İZMİR EKONOMİ ÜNİVERSİTESİ,www.ieu.edu.tr,ik@ieu.edu.tr,02322792525,02322792626,SAKARYA CAD. NO:156 BALÇOVA/İZMİR,YUSUF HAKAN,ABACIOĞLU
İZMİR KATİP ÇELEBİ ÜNİVERSİTESİ,http://www.ikc.edu.tr/,rektorluk@ikc.edu.tr,02323293535,02323860888,İzmir Kâtip Çelebi Üniversitesi Çiğli Ana Yerleşkesi 35620 İZMİR,SAFFET,KÖSE
İZMİR KAVRAM MESLEK YÜKSEKOKULU,www.kavram.edu.tr,mudur@kavram.edu.tr,4449134,2323200113,Oğuzlar Mah. 1251/2 Sok. No:8 Konak/İzmir,-,-
İZMİR TINAZTEPE ÜNİVERSİTESİ,www.tinaztepe.edu.tr,rektorluk@tinaztepe.edu.tr,08508224988,0 232 440 44 22,"Aydoğdu Mahallesi, 1267/1 Sk., No.4 35400 Buca/İzmir",MUSTAFA,GÜVENÇER
İZMİR YÜKSEK TEKNOLOJİ ENSTİTÜSÜ,http://www.iyte.edu.tr/,rektorluk@iyte.edu.tr,02327506001,0232 750 6015,İzmir Yüksek Teknoloji Enstitüsü Gülbahçe Kampüsü Urla/İZMİR,YUSUF,BARAN
KADİR HAS ÜNİVERSİTESİ,http://www.khas.edu.tr,rektorluk@khas.edu.tr,02125336532,0212 631 91 50,"Kadir Has Üniversitesi, Kadir Has Caddesi, Cibali / İSTANBUL 34083",MERYEM SONDAN,DURUKANOĞLU FEYİZ
KAFKAS ÜNİVERSİTESİ,http://www.kafkas.edu.tr,rektor@kafkas.edu.tr,04742251158,04742251160,Kafkas Üniversitesi Şehitler Mh. Turan Çelik Cd. Kombina Yolu Üzeri Merkez/KARS,HÜSNÜ,KAPU
KAHRAMANMARAŞ İSTİKLAL ÜNİVERSİTESİ,www.istiklal.edu.tr,genelsekreterlik@istiklal.edu.tr,(0344) 400 -1000,(0344) 400-1025,"Kahramanmaraş İstiklal Üniversitesi Rektörlüğü, Menderes Mah. Cumhuriyet Bulvarı 46036 Sokak No:7 46060 Dulkadiroğlu/Kahramanmaraş",İSMAİL,BAKAN
KAHRAMANMARAŞ SÜTÇÜ İMAM ÜNİVERSİTESİ,www.ksu.edu.tr,genelsekreterlik@ksu.edu.tr,03443001000,0344 300 1037,"Kahramanmaraş Sütçü İmam Üniversitesi Rektörlüğü,  Avşar Mah. Batı Çevreyolu Blv. No: 251/A 46040 - Onikişubat/Kahramanmaraş",ALPTEKİN,YASIM
KAPADOKYA ÜNİVERSİTESİ,www.kapadokya.edu.tr,info@kapadokya.edu.tr,03843535009,03843535125,Üniversite Meydanı No:2 Mustafapaşa Ürgüp/Nevşehir,HASAN ALİ,KARASAR
KARABÜK ÜNİVERSİTESİ,http://www.karabuk.edu.tr/,iletisim@karabuk.edu.tr,03704338200,0 370 433 20 05,Karabük Üniversitesi Demir Çelik Kampüsü Balıklar Kaya Mevkii,FATİH,KIRIŞIK
KARADENİZ TEKNİK ÜNİVERSİTESİ,http://www.ktu.edu.tr,information@ktu.edu.tr,04623772101,04623253205,Karadeniz Teknik Üniversitesi 61080 - Trabzon,HAMDULLAH,ÇUVALCI
KARAMANOĞLU MEHMETBEY ÜNİVERSİTESİ,http://www.kmu.edu.tr,iletisim@kmu.edu.tr,03382262000,00382262023,"Karamanoğlu Mehmetbey Üniversitesi, Yunus Emre Yerleşkesi, 70100 KARAMAN / TÜRKİYE",MEHMET,GAVGALI
KASTAMONU ÜNİVERSİTESİ,http://www.kastamonu.edu.tr/ind ex.php/tr/,ozelkalem@kastamonu.edu.tr,0 366 280 10 02,0 366 280 10 38,Kastamonu Üniversitesi Rektörlüğü Kuzeykent Kampüsü Merkez/KASTAMONU,AHMET HAMDİ,TOPAL
KAYSERİ ÜNİVERSİTESİ,http://www.kayseri.edu.tr,basinyayin@kayseri.edu.tr,0352 504 38 38,352 504 38 37,Mevlana Mah. 15 Temmuz Yerleşkesi Kümeevler Talas/KAYSERİ,KURTULUŞ,KARAMUSTAFA
KIRIKKALE ÜNİVERSİTESİ,http://kku.edu.tr,ozelkalem@kku.edu.tr,03183573416,03183573016,Kırıkkale Üniversitesi Ankara Yolu 7. Km 71450 Yahşihan/Kırıkkale,ERSAN,ASLAN
KIRKLARELİ ÜNİVERSİTESİ,http://www.klu.edu.tr/,ozelkalem@klu.edu.tr,02882129688-89,02882129682,Cumhuriyet Mahallesi Kofcaz Yolu Kayalı Yerleşkesi Merkez-Kırklareli,BÜLENT,ŞENGÖRÜR
KIRŞEHİR AHİ EVRAN ÜNİVERSİTESİ,www.ahievran.edu.tr,ozelkalem@ahievran.edu.tr,+90 (386) 280 4045,+90 (386) 280 4052,Bağbaşı Mah. Sahir Kurutluoğlu Cad. No: 100 Merkez/KIRŞEHİR,MUSTAFA KASIM,KARAHOCAGİL
KİLİS 7 ARALIK ÜNİVERSİTESİ,www.kilis.edu.tr,ozelkalem@kilis.edu.tr,"03488142666/1001-
1002",03488142660,Mehmet Sanlı Mah. Doğan Güreş Paşa Bulvarı No.134 Merlez/KİLİS,MUSTAFA DOĞAN,KARACOŞKUN
KOCAELİ SAĞLIK VE TEKNOLOJİ ÜNİVERSİTESİ,www.kocaelisaglik.edu.tr,info@kocaelisaglik.edu.tr,0262 999 80 85,0 262 999 66 90,Yeniköy Merkez Mh. Ilıca Cd. No:29 Başiskele/KOCAELİ,MUZAFFER,ELMAS
KOCAELİ ÜNİVERSİTESİ,http://www.kocaeli.edu.tr/,rekiletisim@kocaeli.edu.tr,02623031001,0262 303 10 33,Umuttepe Merkez Yerleşkesi 41380 İzmit/KOCAELİ,NUH ZAFER,CANTÜRK
KOÇ ÜNİVERSİTESİ,http://www.ku.edu.tr,rektor@ku.edu.tr,02123381000,2123381248,"Koç Üniversitesi, Rumelifeneri Yolu, 34450, SARIYER, ISTANBUL",METİN,SİTTİ
KONYA GIDA VE TARIM ÜNİVERSİTESİ,http://www.gidatarim.edu.tr/,info@gidatarim.edu.tr,03322235488,03322235490,Melikşah Mah. Beyşehir Cad. No:9 42080 Meram / KONYA,EROL,TURAN
KONYA TEKNİK ÜNİVERSİTESİ,http://www.ktun.edu.tr/,ozelkalem@ktun.edu.tr,03323508585,03323540012,Akademi Mah. Yeni İstanbul Cad. No:235/1 Selçuklu/KONYA,OSMAN NURİ,ÇELİK
KTO KARATAY ÜNİVERSİTESİ,http://www.karatay.edu.tr,bilgi@karatay.edu.tr,4441251,0332 2020044,KTO Karatay Üniversitesi Rektörlüğü Akabe Mah. Alaaddin Kap Cad. No: 130 Karatay/KONYA,FEVZİ RİFAT,ORTAÇ
KÜTAHYA DUMLUPINAR ÜNİVERSİTESİ,http://dpu.edu.tr,ozelkalem@dpu.edu.tr,02744434343,02742652004,Kütahya Dumlupınar Üniversitesi Evliya Çelebi Yerleşkesi Tavşanlı Yolu 10. km. KÜTAHYA,SÜLEYMAN,KIZILTOPRAK
KÜTAHYA SAĞLIK BİLİMLERİ ÜNİVERSİTESİ,http://www.ksbu.edu.tr/,bilgi@ksbu.edu.tr,02742652286,02742652285,Alipaşa Mahallesi Fatih Sultan Mehmet Bulvarı No./22 Kütahya Merkez,AHMET,TEKİN
LOKMAN HEKİM ÜNİVERSİTESİ,www.lokmanhekim.edu.tr,info@lokmanhekim.edu.tr,03122800808,312 280 0808,Söğütözü Mah. 2179. Cad. No:6 Çankaya Ankara,FATİH,GÜLTEKİN
MALATYA TURGUT ÖZAL ÜNİVERSİTESİ,www.ozal.edu.tr,genelsekreterlik@ozal.edu.tr,05326100255,04228461225,Alacakapı Mahallesi Kırkgöz Caddesi No:70 P.K. 44210 Battalgazi / MALATYA,RECEP,BENTLİ
MALTEPE ÜNİVERSİTESİ,http://www.maltepe.edu.tr/,maltepe@maltepe.edu.tr,02166261050,0216 626 10 70,Maltepe Üniversitesi Marmara Eğitim Köyü PK:34857 MALTEPE İSTANBUL,EDİBE,SÖZEN
MANİSA CELÂL BAYAR ÜNİVERSİTESİ,www.cbu.edu.tr,ozelkalem@cbu.edu.tr,02362011014,02362372442,Şehit Prof. Dr. İlhan Varank Kampüsü 45140 - Yunusemre - MANİSA,RANA,KİBAR
MARDİN ARTUKLU ÜNİVERSİTESİ,http://www.artuklu.edu.tr/,pdb@artuklu.edu.tr,04822134002,0 482 213 40 04,"Mardin Artuklu Üniversitesi Yenişehir Yerleşkesi, Diyarbakır Yolu Yenişehir Mardin",İBRAHİM,ÖZCOŞAR
MARMARA ÜNİVERSİTESİ,http://www.marmara.edu.tr,genelsekreterlik@marmara.edu. tr,0216 777 1020,0216 777 1020,M.Ü.Göztepe Kampüsü Rektörlük Binası 34722 Kadıköy / İSTANBUL,MUSTAFA,KURT
MEF ÜNİVERSİTESİ,http://www.mef.edu.tr,mef@mef.edu.tr,02123953600,0 212 395 36 92,Ayazağa Cad. No.4 34396 Maslak - Sarıyer - İstanbul,MUHAMMED,ŞAHİN
MERSİN ÜNİVERSİTESİ,http://www.mersin.edu.tr/idari/g enel-sekreterlik,gsekreterlik@mersin.edu.tr,03243610001,0324 361 00 15,Mersin Üniversitesi Çiftlikköy Kampusu Rektörlük Binası 33343 Yenişehir/MERSİN,EROL,YAŞAR
MİMAR SİNAN GÜZEL SANATLAR ÜNİVERSİTESİ,https://www.msgsu.edu.tr,rector@msgsu.edu.tr,02122933760,0212 243 08 88,Meclis-i Mebusan Caddesi No: 24 Fındıklı 34427 İstanbul,HANDAN,İNCİ ELÇİ
MUDANYA ÜNİVERSİTESİ,https://mudanya.edu.tr,bilgi@mudanya.edu.tr,0224 224 2022,0224 247 1704,Çağrışan Mah. 2029 Sk. No:2 16265 Mudanya/Bursa,HASAN,TOSUN
MUĞLA SITKI KOÇMAN ÜNİVERSİTESİ,http://www.mu.edu.tr/,okalem@mu.edu.tr,02522111000,02522239274,Muğla Sıtkı Koçman Üniversitesi Rektörlüğü 48000 Menteşe/MUĞLA,TURHAN,KAÇAR
MUNZUR ÜNİVERSİTESİ,www.munzur.edu.tr,universite@munzur.edu.tr,04282131794,04282132752,Aktuluk Mahallesi Üniversite Yerleşkesi Merkez/TUNCELİ,KENAN,PEKER
MUŞ ALPARSLAN ÜNİVERSİTESİ,www.alparslan.edu.tr,bilgi@alparslan.edu.tr,04362494949,04362491022,"Muş Alparslan Üniversitesi Kampusu, Rektörlük, Diyarbakır Yolu 7. km 49250- MUŞ",MUSTAFA,ALİCAN
NECMETTİN ERBAKAN ÜNİVERSİTESİ,http://www.erbakan.edu.tr,bilgi@erbakan.edu.tr,03322210699,03322362141,Yaka Mah. Yeni Meram Cad. Kasım Halife Sok. No: 11 (A Blok) Posta Kodu: 42090 Meram / KONYA,CEM,ZORLU
NEVŞEHİR HACI BEKTAŞ VELİ ÜNİVERSİTESİ,http://www.nevsehir.edu.tr/,ozelkalem@nevsehir.edu.tr,03842281073,384 215 30 58,Nevşehir Hacı Bektaş Veli Üniversitesi Rektörlüğü 2000 Evler Mahallesi Zübeyde Hanım Cad. 50300,SEMİH,AKTEKİN
NİĞDE ÖMER HALİSDEMİR ÜNİVERSİTESİ,http://www.ohu.edu.tr/,ozelkalem@ohu.edu.tr,03882252602-05-06,0 388 225 26 00,Niğde Ömer Halisdemir Üniversitesi Rektörlüğü Rektörlük Binası 2. Kat Merkez Yerleşke Bor Yolu Üzeri 51240 Merkez/NİĞDE,HASAN,USLU
NUH NACİ YAZGAN ÜNİVERSİTESİ,http://www.nny.edu.tr,info@nny.edu.tr,03523240000,0352 324 00 04,Erkilet Dere Mah. Kuzey Çevreyolu Nuh Naci Yazgan Üniversitesi Kocasinan/Kayseri,AHMET FAZIL,ÖZSOYLU
ONDOKUZ MAYIS ÜNİVERSİTESİ,http://www.omu.edu.tr/,iletisim@omu.edu.tr,03624575870,0362 457 60 91,"Ondokuz Mayıs Üniversitesi Rektörlük Binası Kurupelit Kampüsü, 55139 Atakum / SAMSUN",YAVUZ,ÜNAL
ORDU ÜNİVERSİTESİ,http://www.odu.edu.tr,rektorozelkalem@odu.edu.tr,04522345010,045222265280,Cumhuriyet Yerleşkesi 52200 Altınordu/ORDU,ORHAN,BAŞ
ORTA DOĞU TEKNİK ÜNİVERSİTESİ,http://www.metu.edu.tr,gensek@metu.edu.tr,03122101100,2101105,Orta Doğu Teknik Üniversitesi Üniversiteler Mah.Dumlupınar Blv.No:1 06800 Çankaya Ankara/TÜRKİYE,MUSTAFA VERŞAN,KÖK
OSMANİYE KORKUT ATA ÜNİVERSİTESİ,http://www.osmaniye.edu.tr,osmaniye@osmaniye.edu.tr,03288251818,328 825 00 97,Karacaoğlan Yerleşkesi 80000 Merkez/OSMANİYE,TURGAY,UZUN
OSTİM TEKNİK ÜNİVERSİTESİ,www.ostimteknik.edu.tr,esra.demirci@ostimteknik.edu.t r,03123861092,03123543993,"OSTİM Teknik Üniversitesi OSTİM, 06374 Ankara",MURAT ALİ,YÜLEK
ÖZYEĞİN ÜNİVERSİTESİ,www.ozyegin.edu.tr,rector@ozyegin.edu.tr,02165649300,02165649999,Nişantepe Mah. Orman Sok. No:34-36 Çekmeköy-İstanbul,FERİDE ESRA,GENÇTÜRK
PAMUKKALE ÜNİVERSİTESİ,http://www.pau.edu.tr,ozelkalem@pau.edu.tr,02582962020,0 258 296 23 33,Pamukkale Üniversitesi Rektörlüğü Kınıklı Yerleşkesi 20070 DENİZLİ,AHMET,KUTLUHAN
PİRİ REİS ÜNİVERSİTESİ,http://www.pirireis.edu.tr,bilgi@pirireis.edu.tr,02165810050,02165810051,"Postane Mahallesi, Eflatun Sk. No:8, 34940 Tuzla/İSTANBUL",NAFİZ,ARICA
RECEP TAYYİP ERDOĞAN ÜNİVERSİTESİ,erdogan.edu.tr,genel.sekreter@erdogan.edu.tr,04642238100,0464 223 6328,"Recep Tayyip Erdoğan Üniversitesi Zihni Derin Yerleşkesi, Fener Mah. 53100 RİZE",YUSUF,YILMAZ
SABANCI ÜNİVERSİTESİ,http://www.sabanciuniv.edu,rektor@sabanciuniv.edu,02164839000,0216 483 90 05,Sabancı Üniversite Orta Mah. Üniversite Caddesi No:27 34956 Orhanlı Tuzla İstanbu,YUSUF,LEBLEBİCİ
SAĞLIK BİLİMLERİ ÜNİVERSİTESİ,http://www.sbu.edu.tr,bilgi@sbu.edu.tr,02164189616,02164189620,"Mekteb-i Tıbbiye-i Şahane (Haydarpaşa) Külliyesi, Selimiye Mah. Tıbbiye Cad. No:38 34668 ÜSKÜDAR/İSTANBUL",KEMALETTİN,AYDIN
SAKARYA UYGULAMALI BİLİMLER ÜNİVERSİTESİ,www.subu.edu.tr,subu@subu.edu.tr,0264 6160054,0264 616 0014,Sakarya uygulamalı bilimler üniversitesi Esentepe Kampüsü Serdivan /Sakarya,MEHMET,SARIBIYIK
SAKARYA ÜNİVERSİTESİ,http://www.sakarya.edu.tr,ilko@sakarya.edu.tr,02642955454,02642955032,Sakarya Üniversitesi Esentepe Kampüsü 54187 Serdivan / SAKARYA,HAMZA,AL
SAMSUN ÜNİVERSİTESİ,www.samsun.edu.tr,iletisim@samsun.edu.tr,0(362)3130055,0(362)3130200,Gürgenyatak Mahallesi Canik/SAMSUN,MAHMUT,AYDIN
SANKO ÜNİVERSİTESİ,http://www.sanko.edu.tr,info@sanko.edu.tr,03422116500,03422116505,İncilipınar Mah. Gazi Muhtar Paşa Bulv. No:36 27090 Şehitkamil/ GAZİANTEP,GÜNER,DAĞLI
SELÇUK ÜNİVERSİTESİ,http://www.selcuk.edu.tr/,ozelkalem@selcuk.edu.tr,03322238400,03322238265,"Alaaddin Keykubat Kampüsü, Akademi Mahallesi, Yeni İstanbul Caddesi No:369/1 42130 Selçuklu-KONYA",METİN,AKSOY
SİİRT ÜNİVERSİTESİ,http://siirt.edu.tr,siu@siirt.edu.tr,04842121111,04842231998,Kezer Yerleşkesi Veysel Karani Mah. Üniversite Cad. No:1 56100 Merkez/SİİRT,NİHAT,ŞINDAK
SİNOP ÜNİVERSİTESİ,http://www.sinop.edu.tr,sinop@sinop.edu.tr,03682715757,0-368 2715763,Korucuk Köyü Trafo Mahallesi No:36  57000 ? SİNOP,ŞAKİR,TAŞDEMİR
SİVAS BİLİM VE TEKNOLOJİ ÜNİVERSİTESİ,http://www.sivas.edu.tr/,bilgi@sivas.edu.tr,0 346 217 00 00,0 346 219 16 78,Gültepe Mahallesi Mecnun Otyakmaz Caddesi No:1 Merkez/Sivas,MEHMET,KUL
SİVAS CUMHURİYET ÜNİVERSİTESİ,http://www.cumhuriyet.edu.tr,ryaziisl@cumhuriyet.edu.tr,03462191158,03462191110,"Cumhuriyet Üniversitesi, Yenişehşr Mah. Kayseri Caddesi 58140 Kampüs SİVAS",ALİM,YILDIZ
SÜLEYMAN DEMİREL ÜNİVERSİTESİ,http://www.sdu.edu.tr/,bidb@sdu.edu.tr,02462111000,02462370431,Süleyman Demirel Üniversitesi Batı Yerleşkesi Rektörlük Binası 32260  Çünür / ISPARTA,MEHMET,SALTAN
ŞIRNAK ÜNİVERSİTESİ,http://www.sirnak.edu.tr,posta@sirnak.edu.tr,04862168241,04862163285,Yeni Mahalle Cizre Caddesi Mehmet Emin Acar Kampüsü 73000 Şırnak - Türkiye,ABDURRAHİ M,ALKIŞ
TARSUS ÜNİVERSİTESİ,www.tarsus.edu.tr,bilgi@tarsus.edu.tr,03246000033,03246000060,Takbaş  Mah. Kartaltepe sokak 33400 Tarsus / MERSİN,ORHAN,AYDIN
TED ÜNİVERSİTESİ,http://www.tedu.edu.tr,info@tedu.edu.tr,03125850000,03124184148,"TED Üniversitesi, Ziya Gökalp Caddesi No.48 06420, Kolej Çankaya ANKARA",İHSAN,SABUNCUOĞLU
TEKİRDAĞ NAMIK KEMAL ÜNİVERSİTESİ,http://www.nku.edu.tr,ozelkalem@nku.edu.tr,02822501002,028225099000,Namık Kemal Mah. Kampüs Cad. No:1 Merkez-TEKİRDAĞ,MÜMİN,ŞAHİN
TOBB EKONOMİ VE TEKNOLOJİ ÜNİVERSİTESİ,www.etu.edu.tr,bilgi@etu.edu.tr,03122924005,03122924099,SÖĞÜTÖZÜ CADDESİ NO:43 ÇANKAYA/ANKARA,YUSUF,SARINAY
TOKAT GAZİOSMANPAŞA ÜNİVERSİTESİ,www.gop.edu.tr,gensek@gop.edu.tr,0-356-2521616,0-356-2521626,Gaziosmanpaşa Üniversitesi Rektörlüğü Taşlıçiftlik Yerleşkesi TOKAT,FATİH,YILMAZ
TOROS ÜNİVERSİTESİ,www.toros.edu.tr,rektorluk@toros.edu.tr,03243253300,0324 325 3301,Bahçelievler Kampüsü 1857 Sokak No:12 33140 Yenişehir MERSİN,ÖMER,ARIÖZ
TRABZON ÜNİVERSİTESİ,www.trabzon.edu.tr,genelsekreterlik@trabzon.edu.t r,4624551000,04622484659,"TRABZON ÜNİVERSİTESİ REKTÖRLÜĞÜ
Söğütlü Mahallesi",EMİN,AŞIKKUTLU
TRAKYA ÜNİVERSİTESİ,http://www.trakya.edu.tr/,genelsekreterlik@trakya.edu.tr,"02842234210-11-12-
13/02842364981-82-",02842234203,Trakya Üniversitesi Rektörlüğü 22030 Balkan Yerleşkesi / EDİRNE,ERHAN,TABAKOĞLU
TÜRK HAVA KURUMU ÜNİVERSİTESİ,http://www.thk.edu.tr,bilgiedinme@thk.edu.tr,03125895500,0312 342 84 60,Bahçekapı Mahallesi Okul Sokak No:11 Etimesgut / ANKARA,RAHMİ,ER
TÜRK-ALMAN ÜNİVERSİTESİ,http://www.tau.edu.tr/,info@tau.edu.tr,0 216 333 30 00,0216 333 30 31,Şahinkaya Cad. No: 86 Beykoz/İSTANBUL,CEMAL,YILDIZ
"TÜRKİYE ULUSLARARASI İSLAM, BİLİM VE TEKNOLOJİ ÜNİVERSİTESİ",-,-,-,-,-,-,-
TÜRK-JAPON BİLİM VE TEKNOLOJİ ÜNİVERSİTESİ,-,-,-,-,-,-,-
UFUK ÜNİVERSİTESİ,http://www.ufuk.edu.tr,ozelkalem@ufuk.edu.tr,03125867041,3125867124,Ufuk Üniversitesi Rektörlüğü  Kızılcaşar Mahallesi İncek Bulvarı 06836 İncek/Gölbaşı/ANKARA,TÜRKMEN,DERDİYOK
UŞAK ÜNİVERSİTESİ,http://www.usak.edu.tr,ozelkalem@usak.edu.tr,02762212121,0276 221 22 02,Uşak Üniversitesi Rektörlüğü 1 Eylül Kampüsü  64200 - UŞAK,EKREM,SAVAŞ
ÜSKÜDAR ÜNİVERSİTESİ,http://www.uskudar.edu.tr,info@uskudar.edu.tr,02164002222,0216 474 12 56,Altunizade Mah.Haluk Türksoy Sok. No:14 Üsküdar/İstanbul,NAZİFE,GÜNGÖR
VAN YÜZÜNCÜ YIL ÜNİVERSİTESİ,http://www.yyu.edu.tr/,bilgi@yyu.edu.tr,4445065,0 432 486 54 13,"Van Yüzüncü Yıl Üniversitesi Rektörlüğü, 65080, Kampüs / VAN",HAMDULLAH,ŞEVLİ
YALOVA ÜNİVERSİTESİ,http://www.yalova.edu.tr/rektorl uk,ozelkalem@yalova.edu.tr,02268155001,226 815 50 04,Çınarcık Yolu 2.km Merkez Kampüsü Yalova,MEHMET,BAHÇEKAPILI
YAŞAR ÜNİVERSİTESİ,http://www.yasar.edu.tr,burcu.sagir@yasar.edu.tr,02325707100,2325707000,"Üniversite Cad., No.:35-37, Ağaçlı Yol, Bornova-İZMİR",-,-
YEDİTEPE ÜNİVERSİTESİ,http://www.yeditepe.edu.tr/,caykutbingol@yeditepe.edu.tr,02165780203,0216 578 00 00,26 Ağustos Yerleşimi.Kayışdağı Cad.34755 Ataşehir/İstanbul,CANAN,AYKUT BİNGÖL
YILDIZ TEKNİK ÜNİVERSİTESİ,http://www.yildiz.edu.tr,ozelkalem@yildiz.edu.tr,02122277119,0212 2276990,Davutpaşa Mah. Davutpaşa Cad. 34220 Esenler - İstanbul,TAMER,YILMAZ
YOZGAT BOZOK ÜNİVERSİTESİ,http://www.bozok.edu.tr/,ozel.kalem@bozok.edu.tr,03542123728,0 354 212 28 37,Medrese Mahallesi Adnan Menderes Bulvarı No:118 66200 Yozgat,EVREN,YAŞAR
YÜKSEK İHTİSAS ÜNİVERSİTESİ,www.yuksekihtisasuniversitesi.e du.tr,yiu@yiu.edu.tr,0312 329 1010,0312 329 1015,İşçi blokları mahallesi 1505. sokak Çankaya/ANKARA,RABET,GÖZİL
ZONGULDAK BÜLENT ECEVİT ÜNİVERSİTESİ,https://www.beun.edu.tr,rektor@beun.edu.tr,0372 291 11 00,0  372 257 50 78,Zonguldak Bülent Ecevit Üniversitesi Rektörlüğü İncivez-ZONGULDAK,İSMAİL HAKKI,ÖZÖLÇER
